product_id,rating,timestamp,text,size,color
475244115,5,1637005636.0,"Nice, good quality pullover. Hubby loves it! It was received on time. I highly recommend this jumper/sweater; it's do versatile and makes an excellent wardrobe essential for every man!",True to Size,LIGHT GRAY
366070804,5,1622973935.0,this it's a wonderful shirt.  I wear a women's plus 3x USA size.   the fabric is lightweight & washed/dried well on low.,True to Size,MINT GREEN
279457902,5,1646763974.0,he loved this shirt so we ordered another one. great fabric. Good quality,True to Size,GRAY
279457902,5,1628058123.0,Good quality,True to Size,GRAY
256935201,5,1633658129.0,Received it on timeNiceCute and fucking hilarious because honestly this sweater is just bananas and i love it,Small,YELLOW
279332801,5,1562205151.0,Nice,True to Size,multicolor
475244311,5,1673698002.0,"Fantastic pullover! Very soft and comfortable, very warm and totally versatile; it's great for many occasions.My husband loves this. Such a bargain and quickly delivered too. Thank you",True to Size,DARK GRAY
471246505,5,1645850181.0,r am definitely satisfied with my hoodie,True to Size,multicolor
278082404,5,1628058167.0,Good quality,True to Size,multicolor
471246806,5,1617860355.0,Cute,True to Size,multicolor
475244311,5,1669406406.0,Good quality,True to Size,DARK GRAY
471246806,5,1607247329.0,"My sister loves it, and it fits just perfectly on her!! (3x)",True to Size,multicolor
471254306,5,1602104866.0,Love it,True to Size,multicolor
471247902,5,1617232518.0,Nice Cute Received it on timeparfait exactement ce que j'attendais,True to Size,multicolor
471054706,5,1654450806.0,The hoodie is really nice and the fabric is soft and pleasant. The print quality is amazing! My husband loves it.,True to Size,LIGHT COFFEE
471248804,4,1675418087.0,"Nice, Received it on time, Good quality,Satisfactory Customer Service",True to Size,multicolor
464633002,5,1599354546.0,feels amazing excellent quality print it's great for a gift for winter .,True to Size,multicolor
464768503,5,1656481139.0,One half quite red of lion i really like it i often wear it nice pockets,True to Size,multicolor
464771204,5,1633505448.0,Good quality. Nice hoodie. my daughter loves it. Nice,True to Size,multicolor
464768503,4,1589424351.0,j'aime bien la mati√®re mais c'est asser l√©ger,True to Size,multicolor
464984402,5,1592772908.0,Great fabric. True to size,True to Size,multicolor
464987505,5,1665595395.0,Satisfactory Customer ServiceGood quality,True to Size,multicolor
465041106,5,1668047579.0,#Looks exaclty like the pictures##True to size and fits well#,True to Size,multicolor
470296305,5,1627466825.0,"Received it on timeSatisfactory Customer ServiceGood quality, I love the colors and fit this is a really nice sweatshirt.",True to Size,multicolor
465041503,5,1617398721.0,Comfy fits well,True to Size,multicolor
465236102,5,1592772864.0,Great fabric. True to size,True to Size,multicolor
459245106,5,1605836406.0,Love,True to Size,RED
459436425,5,1621738753.0,Great,True to Size,WHITE
459984004,5,1638089616.0,Nice,True to Size,BLACK
459443407,5,1673717200.0,NiceCuteReceived it on timeSatisfactory Customer ServiceGood quality,True to Size,WHITE
459984004,5,1579938206.0,Very stylish!,True to Size,BLACK
459984004,5,1579938122.0,Very unique.  Fits well,True to Size,BROWN BEAR
457494206,5,1656480851.0,Got for xmas time quick dry when washed looks good colourful,True to Size,multicolor
460264301,5,1655487049.0,this wasn't true to size at all. fits like a small ordered a 2x,Small,BLACK
460264301,5,1574665608.0,"Took a while to come, but looks exactly like pictures, nice material, fits well, bought as a gift, my friend loves it!",True to Size,BLACK
254072804,5,1623527459.0,Received it on timeSatisfactory Customer ServiceNice,True to Size,LIGHT GRAY
271386404,5,1561946542.0,Good quality,True to Size,BLACK
275722604,5,1616690667.0,Received it on time Satisfactory Customer Service Good quality Cute,True to Size,LAVA RED
254072804,5,1576432455.0,very nice,True to Size,LIGHT GRAY
275722604,5,1606357196.0,well... you know I am a blood lover! lol the tongue makes it look like a vampire is about to like my boob but I still find it funny and crazy,True to Size,LAVA RED
275722604,5,1572725820.0,it's a good fit and the design is awesome and badass,True to Size,LAVA RED
275722604,5,1538448059.0,I paid for this sweater and it never came in the mail,True to Size,LAVA RED
281983404,5,1668008849.0,"#True to size and fits well##Looks exaclty like the pictures##Good quality, great buy!##The fabric feels great##Received the item on time#",True to Size,multicolor
281987906,5,1602564696.0,Super fun print and very comfortable. I wasn't expecting the print to be on the front and the back and the material isn't what I was expecting for a hoodie. I am pleased non the less!,True to Size,BLACK
275936702,5,1677589220.0,"Received it on time.  I had to get a large because medium wasn't available,  but the piece looks just fine",Large,BLACK
281983404,5,1603093651.0,Good quality,True to Size,multicolor
275936702,5,1590098693.0,Perfect!,True to Size,BLACK
282790505,5,1641779310.0,very small,Small,MIDNIGHT BLUE
282791103,5,1641779300.0,very small,Small,multicolor
286509804,5,1641138648.0,Jolie amusant mais chaud et fantastique comme chaque achat,True to Size,MEDIUM SEA GREEN
282791103,5,1577162356.0,nice and comfy,True to Size,multicolor
286509804,5,1622487184.0,"Great fun for christmas party, nice and comfy for night out",True to Size,MEDIUM SEA GREEN
286509804,5,1612924004.0,Purchased for the three boys in my family and they absolutely loved em.,True to Size,MEDIUM SEA GREEN
286509804,5,1609856134.0,Son is so I in love with it. He‚Äôs been wearing it for a week straight now which includes sleeping in it.,True to Size,MEDIUM SEA GREEN
286509804,5,1641138648.0,Jolie amusant mais chaud et fantastique comme chaque achat,True to Size,MEDIUM SEA GREEN
286509804,5,1622487184.0,"Great fun for christmas party, nice and comfy for night out",True to Size,MEDIUM SEA GREEN
286509804,5,1612924004.0,Purchased for the three boys in my family and they absolutely loved em.,True to Size,MEDIUM SEA GREEN
286509804,5,1609856134.0,Son is so I in love with it. He‚Äôs been wearing it for a week straight now which includes sleeping in it.,True to Size,MEDIUM SEA GREEN
232911201,5,1573846393.0,great graphics soft comfy.,True to Size,YELLOW
227072508,5,1682789687.0,Received it on timeGood quality,Small,RED
154159709,4,1492407171.0,"It's an alright hoodie. Fits well, is comfortable, and I like the look. THe hood is just a bit too small, but it's all good if you wear it fashionably",True to Size,BLACK
199030004,5,1677417929.0,NiceReceived it on timeGood qualitySatisfactory Customer Service,True to Size,GRAY
199040604,5,1671022484.0,"Looks exactly like the picture, it is very cozy, thick and perfect for a cold winter. I recommand it!",True to Size,GRAY
182604231,5,1678921842.0,"vibrant colours and comfy, what more could you ask for",True to Size,ORANGE
232911201,5,1560722550.0,Satisfactory Customer Service great I love it,True to Size,YELLOW
232911201,5,1542564901.0,thanks,True to Size,YELLOW
227072508,5,1636850215.0,This hoodie is super sharp looking and is very warm.  One of my favorite purchases so far.,True to Size,BLACK
227072508,5,1626351428.0,Cute,True to Size,BLACK
199040604,5,1565864632.0,good pruduct,True to Size,GRAY
182604231,5,1630055918.0,NiceCuteMy favorite design üôÇ‚ù§Ô∏è‚Äçüî•‚úåüèª,True to Size,ORANGE
232911201,5,1535064844.0,Love love love this sweater I‚Äôd recommend jus buy one size up,True to Size,YELLOW
244945603,5,1579962746.0,"My favorite,",True to Size,RED
244734004,5,1643665539.0,Nice,Small,COLORMIX
246542504,5,1626676940.0,Received it on timeGood quality,True to Size,GRAY/RED
276447824,5,1658790180.0,"#Looks exaclty like the pictures##Good quality, great buy!##Received the item on time##The fabric feels great#  Very nice, fits a bit small though and great material.",Small,DARK GRAY
244734004,5,1577050652.0,I thought it would be thick like a hoodie but it's still great.,True to Size,COLORMIX
244734004,5,1576988575.0,bestie that i bought this for adores it and always thanks me bc he says it comfy and It just looks good on him with anything he wears shorts pants dressy or casual it's an a+,True to Size,COLORMIX
246542504,4,1591398577.0,not as thick as I thought it would be more like a long sleeve shirt! is comfy tho!,True to Size,GRAY/RED
246542504,5,1574987030.0,this shirt is a nice fit. bought it for my husband. he didnt like it online but wears it frequently it looks good. well made simple shirt.,True to Size,GRAY/RED
246542504,5,1573905523.0,really nice!,True to Size,GRAY/RED
276447824,5,1626899448.0,NiceCuteReceived it on timeGood quality,True to Size,DARK GRAY
276447824,5,1616255783.0,super soft and cozy material. nbeautiful colour and fit. i can only recommend it.,True to Size,DARK GRAY
276447824,5,1591500086.0,Very nice and comfortable,True to Size,DARK GRAY
276447824,5,1658790180.0,"#Looks exaclty like the pictures##Good quality, great buy!##Received the item on time##The fabric feels great#  Very nice, fits a bit small though and great material.",Small,DARK GRAY
276447824,5,1626899448.0,NiceCuteReceived it on timeGood quality,True to Size,DARK GRAY
276447824,5,1616255783.0,super soft and cozy material. nbeautiful colour and fit. i can only recommend it.,True to Size,DARK GRAY
276447824,5,1591500086.0,Very nice and comfortable,True to Size,DARK GRAY
276447824,5,1578831400.0,One of my favorite hoodies.  Very warm also,True to Size,ARMY GREEN
308423602,5,1544275380.0,,True to Size,GREEN
309622503,5,1673545665.0,Looks exactly like the pictures but the sizing wasn't exactly like previous sweatshirts I've ordered. The material is a bit more stretchy and tighter.,True to Size,multicolor
312200605,5,1673545554.0,"Very comfortable material, but the print was a bit more blurry than what I could tell from the photo.",True to Size,BLACK
286513815,5,1640068073.0,My boyfriend loved it and found the hoodie really soft and nice to wear!,True to Size,MEDIUM SEA GREEN
273200701,5,1628926803.0,Good quality,True to Size,VIOLA PURPLE
327522529,5,1637849955.0,Received it on time,True to Size,BLACK
277484508,5,1625601856.0,"Nice ugly christmas sweater! I liked it so much I bought two- one red and one in green. It is good quality and well made with attention to little deatails. I like that the string holes for the hood are reinforced, as well as the kangroo pocket to keep your hands warm. It is very soft material too. It fits true to size as well. He cannot wait to wear it to his xmas party. I bought green for me and red for him. We are both super happy with our purchases.",True to Size,RED
276447824,5,1576837119.0,Arrived on time liked the fit,True to Size,DARK GRAY
276447824,5,1575867223.0,Love the hoodie,True to Size,CADETBLUE
276447824,5,1575156894.0,Perfekt,True to Size,ARMY GREEN
286513815,5,1640058287.0,Received it on time,True to Size,MEDIUM SEA GREEN
273200701,5,1628327083.0,Nice and Cute,True to Size,VIOLA PURPLE
273200701,5,1606607119.0,"I like that it can be used with the middle pocket, or as a normal hoodie. so soft too!",True to Size,VIOLA PURPLE
273200701,5,1606583786.0,"perfect for all occasions.  kitten loves it, so do our ferrets.  pouch is removable so you can were it out as well.",True to Size,VIOLA PURPLE
273200701,5,1628926803.0,Good quality,True to Size,VIOLA PURPLE
327522529,5,1621292020.0,NiceCuteReceived it on timeGood quality,True to Size,multicolor
327522529,5,1607274379.0,bought for my husband and he we both love it,True to Size,multicolor
327522529,5,1606301715.0,Fits well :),True to Size,SHAMROCK GREEN
327522529,5,1637849955.0,Received it on time,True to Size,BLACK
277484508,5,1625601518.0,Nice ugly christmas sweater. Good quality and well made with attention to deatail. I like that the string holes for the hood are reinforced. As well as the kangroo pocket to keep your hands warm. It is very soft material too. It fits true to size as well. I cannot wait to wear it to xmas parties. I bought green for me and red for my bf. He loves his too.,True to Size,GREEN
277484508,5,1604373536.0,Just what I wanted,True to Size,GREEN
277484508,5,1579084374.0,"Amazing. Lightweight, festive enough to make my mom laugh on Christmas Eve,  and comfortable.",True to Size,GREEN
276447824,5,1575156889.0,Perfekt,True to Size,BLACK
286513815,5,1610047016.0,my husband loves this hoodie - its made out of lycra type material nfits really well,True to Size,OCEAN BLUE
286513815,5,1571071204.0,husband  loves this!,True to Size,OCEAN BLUE
273200701,5,1628327083.0,Nice and Cute,True to Size,VIOLA PURPLE
273200701,5,1606607119.0,"I like that it can be used with the middle pocket, or as a normal hoodie. so soft too!",True to Size,VIOLA PURPLE
273200701,5,1606583786.0,"perfect for all occasions.  kitten loves it, so do our ferrets.  pouch is removable so you can were it out as well.",True to Size,VIOLA PURPLE
327522529,5,1621292020.0,NiceCuteReceived it on timeGood quality,True to Size,multicolor
327522529,5,1607274379.0,bought for my husband and he we both love it,True to Size,multicolor
327522529,5,1606301715.0,Fits well :),True to Size,SHAMROCK GREEN
327522529,5,1575594858.0,Perfect fit!,True to Size,BLACK
276447824,5,1574608397.0,I ordered this with the faux back pocket jogger pants with the idea of having an army green outfit. It came in the mail and I was happy to get it. Although the shades of green are off I can still make it work.,True to Size,ARMY GREEN
276447824,5,1573398782.0,The best hoodie I‚Äôve ever owned.,True to Size,LIGHT GRAY
276447824,5,1573274283.0,"Love the way this hoodie fits. It's built pretty well and has been complimented on several occasions, so much so, that I am going to be buying one in another color. Thanks!",True to Size,DARK GRAY
327522529,5,1574126992.0,Looks as pictured and fits as expected,True to Size,COBALT BLUE
327522529,5,1574126927.0,Fits great and looks just like picture,True to Size,multicolor
327522529,5,1573557637.0,Great little Hoody love the material will definitely buy again,True to Size,multicolor
327522529,5,1566305210.0,This hoodie was the talk of the office during the 2018 holiday season. Can‚Äôt wait to order another style for 2019.,True to Size,SHAMROCK GREEN
276447824,5,1573254293.0,"Very warm, bf really liked it. It's also very soft and fits well.",True to Size,RED WINE
327522529,5,1559559066.0,Absolutely love it. Highly recommend.,True to Size,multicolor
327522529,5,1548147139.0,Satisfactory Customer Service,True to Size,BLACK
327522529,5,1546380801.0,"I was happy to get the item on time and there sizes are perfect when you use there information checklist you can't go wrong, that's always been a worrying issue for me when buying sized items online but no problems with Dreslily there measurements are 100% perfect to ratio, Thanks heaps guys.",True to Size,COBALT BLUE
327522529,5,1544840227.0,mine came in 1st & this is for my hubby. i love it. Quality is perfect.,True to Size,BLACK
276447824,5,1573167030.0,Perfect Fit,True to Size,DARK GRAY
276447824,5,1571758759.0,really nice material,True to Size,ARMY GREEN
276447824,5,1571212629.0,it's a cool topn,True to Size,KHAKI
276447824,5,1571176769.0,"great quality, just what I expected",True to Size,KHAKI
327522529,5,1544535209.0,Received it on time really happy   I'll be buying from them again,True to Size,multicolor
276447824,5,1569585978.0,Sieht aus wie auf dem Foto!  Geiler Stoff !!,True to Size,ARMY GREEN
276447824,5,1568994297.0,so warm and  stylish,True to Size,RED WINE
276447824,5,1568298152.0,happy with purchase.Thanks,True to Size,DARK GRAY
276447824,5,1567812017.0,My husband loved it! Good material.,True to Size,CADETBLUE
276447824,5,1567084938.0,I really love it,True to Size,ARMY GREEN
276447824,5,1565329794.0,Thank you,True to Size,ARMY GREEN
276447824,5,1564501085.0,I bought this for my boyfriend he loves it,True to Size,CADETBLUE
276447824,5,1564456465.0,Received it on time,True to Size,RED WINE
276447824,5,1564456180.0,Cute,True to Size,ARMY GREEN
276447824,5,1564012709.0,Fits great sizing chart was pretty accurate  came within a week didn‚Äôt have to wait long and was reasonably inexpensive,True to Size,DARK GRAY
276447824,5,1561224747.0,"The color is great, it's thinner that you think, but it is still very warm, all around a good purchase",True to Size,ARMY GREEN
276447824,5,1557581261.0,Was hesitant in ordering from a new site but everything went great. Material is soft and the look is really nice. Got a large and I‚Äôm about 6‚Äô0 medium build. I‚Äôll be ordering again.,True to Size,DARK GRAY
276447824,5,1556583964.0,I ordered one for my husband . He is so satisfied with the product now buying more 2 of it .,True to Size,DARK GRAY
276447824,5,1556504136.0,my husband loves his.,True to Size,ARMY GREEN
276447824,5,1555150569.0,"Amazing product, fast stress free purchase. Super fast delivery. One very happy customer.",True to Size,ARMY GREEN
276447824,5,1554852359.0,Love the way it fits!!,True to Size,LIGHT GRAY
276447824,5,1553690527.0,Sweet!!,True to Size,ARMY GREEN
276447824,5,1553690512.0,Love it ,True to Size,BLACK
276447824,5,1553690485.0,Love it!!!,True to Size,RED WINE
276447824,5,1552483254.0,,True to Size,KHAKI
398091704,5,1669280951.0,NiceSatisfactory Customer ServiceReceived it on timeGood quality,True to Size,multicolor
276447824,5,1551864258.0,The texture of the fabric is amazing and the fit elaborates my muscle definition. Thumbs up!,True to Size,LIGHT GRAY
276447824,5,1551748142.0,Much tighter than expected   And I got the 2XL,True to Size,BEIGE
276447824,5,1551135583.0,"Perfect. Just like everything else I order from this site!! Always happy, that‚Äôs why I continue to order from here. Just wish I could get what I order a little quicker, but other than that I never have any complaints, at all!!",True to Size,BLACK
276447824,5,1551095358.0,Good quality so nice hoodie!,True to Size,KHAKI
276447824,5,1550228448.0,–•–æ—Ä–æ—à–µ–µ –∫–∞—á–µ—Å—Ç–≤–æ,True to Size,LIGHT GRAY
276447824,5,1549905379.0,"Delivery: Was a bit anxious when I read multiple bad reviews regarding dresslily's reliability on trustpilot. Over half of the reviews were negative. Got even more nervous when the track 'n trace site could not find any other information but the hoodie leaving the warehouse. No information, multiple consecutive days in a row. Something about an ""unknown track"". But it got here, 10 days after the order was confirmed. That's even faster than expected. Also, because I did not spend more than ‚Ç¨22 (I got this hoodie for ‚Ç¨10 - ‚Ç¨11, and ‚Ç¨2 - ‚Ç¨3 shipping), no extra fees applied (importing stuff from outside of Europe will cost more; ‚Ç¨22 is the limit, I think?).  Quality: It's 5% cotton and 95% polyester. So even though the material is not that thick, it still keeps me warm. Wouldn't recommend working out in this hoodie, though; it doesn't really ""breathe"". It was not damaged, either during fabrication or transport.  I'm 193cm, or well over 6'3, and I got an S, which fits perfectly. So the measuring tables were accurate. Wouldn't know what giant would need XL then, but ok.  I'm very, very pleased. It is a great hoodie. Really glad I ordered it, since they seem to be out of stock at the time of writing this review.",True to Size,DARK GRAY
276447824,5,1549856207.0,It's really comfortable. Very Nice nice product.,True to Size,KHAKI
276447824,5,1549502509.0,"Good quality, I had to exchange this for a larger size, it great and feels good. love it.",True to Size,ARMY GREEN
276447824,5,1548894051.0,Good quality,True to Size,ARMY GREEN
276447824,4,1547637362.0,"It is a nice, warm hoodie and am loving it. The entire hoodie is perfect if you are on the long side.   I ordered the beige colored of size M. The color is as depicted on the original photo.  The size is bigger than expected especially with the shoulders as you can see on my photo's. My length is 1.80 meter andt it drapes a bit over the hands and legs. I placed my hand on my waist to give an indication. If you are not that wide I suggest on getting a size smaller. Which I will be doing as well.   This one I will be using as a chill outfit.",True to Size,BEIGE
276447824,5,1547577326.0,Material is very good,True to Size,KHAKI
276447824,5,1546015002.0,The pullover is a bit longer and ideal for larger people. It wears very well and you can wash it without any problems I was so to fireden I bought 2 more,True to Size,RED WINE
276447824,5,1545664293.0,Good fit,True to Size,ARMY GREEN
276447824,5,1545402954.0,Good quality,True to Size,RED WINE
276447824,5,1545237190.0,Nice,True to Size,BLACK
276447824,5,1545237156.0,It came separate from my other orders but it showed up a few days later. Customer service was very helpful.,True to Size,ARMY GREEN
276447824,5,1544911127.0,Love the product and the process. Will order from them again!,True to Size,RED WINE
276447824,5,1544664031.0,"Satisfactory Customer Service and Received it a day later! However, the product is really good, keeps me worm, it is heavy duty. It is excatly what I saw on the picture! Thanks!",True to Size,KHAKI
276447824,5,1544479845.0,"OMG!!! Awesome, quality is spot on, so very soft and warm! Absolutely love the pleats on the shoulders, they really stand out and are tre‚Äô  stylish. People this company rocks, I have never had a single issue, delivery are timely, mine average eight days from time of purchase and I live is the south USA. Attached picture is of the hoodie with my new shades and beanie , also part of this order",True to Size,BLACK
276447824,4,1543596427.0,"Good quality. Looks exactly like the one in the pictures, it's warm and comfortable.",True to Size,RED WINE
368680702,5,1671037620.0,"Good quality. I love this shirt, my new favorite. It is incredibly comfortable and fits great.",True to Size,MOCHA
454990209,4,1669470542.0,Fin mais bonne qualit√©. L√©ger pas du tout pr√©vu pour l'hiver. Taille large,Large,BLACK
454682401,5,1574463450.0,"great quality, material feels great and fits like the size I ordered",True to Size,multicolor
276447824,5,1543287534.0,good material and matching real size. Like photo and same fit. Would recommend it.,True to Size,KHAKI
276447824,5,1542619123.0,The relation quality/price is very good and shipment fast. I'm very satisfied with the purchase.,True to Size,DARK GRAY
368680702,5,1598103859.0,"comfortable and right sweatshirt, colors faithful to the photo, very comfortable buttons, soft fabric and keeps the heat well, I like it very much",True to Size,MOCHA
368680702,5,1584870137.0,Amazing product. Buy it. Super warm and comfort that doesn't quit. good quality too.,True to Size,MOCHA
368680702,5,1583386661.0,"so comfortable, true to size. nordered for my husband, fits well, good quality with nice material",True to Size,MOCHA
454990209,5,1569362363.0,Feels amazing,True to Size,BLACK
276447824,5,1542364426.0,"He said fits, comfy, warm.",True to Size,ARMY GREEN
455369605,5,1623537862.0,NiceGood quality love this sweatshirt. Wear it all the time,True to Size,multicolor
455367302,5,1668613267.0,"#Good quality, great buy!##The fabric feels great#  bought for the hubby...he usually wears a medium and this JUST fit....",Small,multicolor
456199016,5,1665271262.0,Nice It's a Christmas gift üéÅ,True to Size,CHESTNUT RED
456199016,5,1623073130.0,Good value for money,True to Size,WHITE
455365901,5,1637000236.0,Received it on timeGood quality,True to Size,multicolor
455241419,5,1664841275.0,"#True to size and fits well##Looks exaclty like the pictures##It's cheap. Well worth shopping##Good quality, great buy!##The fabric feels great#",True to Size,WHITE
455241419,5,1653991659.0,"#True to size and fits well##Looks exaclty like the pictures##The fabric feels great##Good quality, great buy!#",True to Size,PURPLE
455241419,5,1653991507.0,"#Looks exaclty like the pictures##Good quality, great buy!##The fabric feels great# Bought one for each of my family and we all love them, zero complaints",True to Size,RED
455241419,5,1648378488.0,#Looks exaclty like the pictures#,True to Size,multicolor A
455241419,5,1664841275.0,"#True to size and fits well##Looks exaclty like the pictures##It's cheap. Well worth shopping##Good quality, great buy!##The fabric feels great#",True to Size,WHITE
455241419,5,1653991659.0,"#True to size and fits well##Looks exaclty like the pictures##The fabric feels great##Good quality, great buy!#",True to Size,PURPLE
455241419,5,1653991507.0,"#Looks exaclty like the pictures##Good quality, great buy!##The fabric feels great# Bought one for each of my family and we all love them, zero complaints",True to Size,RED
455241419,5,1648378488.0,#Looks exaclty like the pictures#,True to Size,multicolor A
455241419,5,1642467644.0,"Nice, it‚Äôs thinner than expected but it‚Äôs okay my partner still loves it and the colours are vibrant and look awesome. My partner always gets asked where he got his jumper from, thank you dress lily",True to Size,RED
455241419,5,1641854516.0,Nice,True to Size,TEA GREEN
455311803,5,1603228305.0,awesome üëå üëçüëçüíØüíØ,True to Size,YELLOW
455357603,5,1608784567.0,perfect for my best friend!,True to Size,multicolor
455241419,5,1641854504.0,Nice,True to Size,WHITE
455241419,5,1639685142.0,NiceReceived it on timeGood quality,True to Size,PURPLE
455241419,5,1638071957.0,Nice,Small,WHITE
455241419,5,1632938347.0,I bought this for my partner and it looks wonderful on him. It's a really good pullover hoodie and it was of such good quality we were both impressed. Material is soft and warm without being too heavy. Suitable for most seasons and low price.,True to Size,WHITE
455241419,5,1629859476.0,"Although its in the male section of Dresslily, this sweatshirt has a gorgeous design and I'm complemented by both guy and girl friends alike!",True to Size,multicolor A
455241419,5,1626071199.0,Received it on time,True to Size,WHITE
455241419,5,1622945131.0,"Cute, simplismente lindo. Meu marido amou as cores e a qualidade da impress√£o e do tecido",True to Size,multicolor A
456478805,5,1682490200.0,NiceCuteReceived it on timeSatisfactory Customer ServiceGood quality,Small,multicolor
455241419,5,1622385996.0,Received it on time it was pretty Cute and Good quality. It was for my boyfriend and he seemed to really like it,True to Size,YELLOW
455241419,5,1622129402.0,Received it on timeGood quality,True to Size,RED
455241419,5,1621792318.0,Cute,True to Size,WHITE
455241419,5,1621792267.0,Cute,True to Size,PURPLE
455241419,5,1621791717.0,Good quality,True to Size,RED
455243801,5,1668643844.0,"other than the fact that my order took a month to come in, the hoodie is off nice qualityGood quality",True to Size,BLACK
456472201,5,1650414218.0,Good quality my son luvs it very happy with it,Small,multicolor
456652215,5,1616075901.0,love this,True to Size,GRAY
455241419,5,1621791453.0,Received it on time Good quality,True to Size,YELLOW
455241419,5,1620861102.0,NiceCuteGood quality,True to Size,WHITE
455241419,5,1619601735.0,Good quality,Small,multicolor A
455241419,5,1619500625.0,"Good quality!Got this for my brother, it fit him perfectly. It's a great light weight material he can layer. He loves it!",True to Size,WHITE
455241419,5,1617954849.0,Received it on time Nice,True to Size,RED
455241419,5,1617820818.0,Nice,True to Size,RED
455241419,5,1617169490.0,Nice Received it on time Good quality,True to Size,WHITE
455241419,5,1616555640.0,Received it on timeCuteNiceSatisfactory Customer ServiceGood qualityThis is a great hoodie. I got it for my husband for Christmas and he loves it. He loves wolves.,True to Size,WHITE
455241419,5,1615392539.0,My boyfriend absolutely loves this hoodie. it fits him nicely and keeps him warm on cold night.,True to Size,RED
455241419,5,1614816613.0,"I got this for my boyfriend and he loves it. He's 5'10"" 260 lb if anyone it wondering size wise it fit perfectly.",True to Size,TEA GREEN
455241419,5,1612630310.0,true sinze,True to Size,WHITE
456995310,5,1616940657.0,Received it on time Good quality,True to Size,ARMY GREEN
455241419,5,1611559020.0,my bf loves itn i bought a matching red and black one,True to Size,WHITE
455241419,5,1611558990.0,üíò,True to Size,RED
455241419,5,1609325765.0,Bellissima felpa. Arrivata nei tempi previsti e con il classico sacchetto protettivo,True to Size,WHITE
455241419,5,1609027485.0,"love the fabric, amazing fit and looks fantastic",True to Size,RED
457260102,5,1624310288.0,I love it. It's a nice lightweight hoodie with breathable material. Great all year round.,True to Size,LIGHT GRAY
455241419,5,1608678153.0,fits well. thinner then expected though.,True to Size,WHITE
455241419,5,1607178535.0,Great size match. The colours are very bright and the hoodie is lovely.,True to Size,multicolor A
455241419,5,1606571100.0,Very happy with all products will buy from again,True to Size,WHITE
455241419,4,1604979312.0,Great vibrant image. Material very wearable. Runs small-order a size up.,True to Size,RED
457260102,5,1608498885.0,little small especially if you put it through the wash,True to Size,LIGHT GRAY
455241419,5,1604026535.0,√à arrivata prestissimo e mio figlio √® stato molto contento. La felpa ha un bel colore e gli sta bene. Tessuto ottimo,True to Size,TEA GREEN
455241419,5,1603682184.0,THIS WEBSITE SCAMMED ME!!,True to Size,WHITE
455241419,5,1601974657.0,Very good,True to Size,YELLOW
455241419,5,1601408903.0,nice,True to Size,RED
456286211,5,1677589010.0,This piece was true to size.  Received it on timeNice,True to Size,GRAY
457773005,5,1677589304.0,Piece is on the larger side. Probably should order a size down,Large,ASH GRAY
454096014,5,1662773019.0,Received it on time,True to Size,BLACK
457260102,4,1600579698.0,It is slightly blurry but still fits and looks good,True to Size,LIGHT GRAY
455241419,5,1600313567.0,"Was shipped fast. The quality is very good, the texture of the hoodie feels silky, looks more expensive than your normal one. I would recommend buying it. The hoodie feels very nice to wear.",True to Size,multicolor A
455241419,5,1599879761.0,"Extremely happy with the product, looked exactly like the website and the sizing was true to size",True to Size,RED
455241419,5,1599717005.0,beautiful,True to Size,WHITE
456286211,5,1603838180.0,Very nice piece.  Fitted just as expected,True to Size,ARMY GREEN
457773005,5,1627048391.0,Received it on timeSatisfactory Customer ServiceGood quality,True to Size,ASH GRAY
455241419,5,1599463505.0,"Really comfortable, great quality. Smooth.",True to Size,RED
463262901,5,1587917206.0,"bonne qualit√© de produits, dans l'ensemble c'est correcte,",True to Size,multicolor
414944901,5,1666831473.0,"#Good quality, great buy!##True to size and fits well##The fabric feels great##Looks exaclty like the pictures##It's cheap. Well worth shopping##Received the item on time#",True to Size,BLACK
414944901,5,1656480021.0,Don't often find snake on things and skulls i like,True to Size,BLACK
464631204,5,1588451747.0,"my son Love's it, very happy with the order, will shop again for sure. Thank you.",True to Size,BLACK
463605501,5,1587917301.0,b√™te de sweat,True to Size,multicolor
464631204,5,1586540133.0,–û—Ç–ª–∏—á–Ω–æ–µ –∫–∞—á–µ—Å—Ç–≤–æ.–ù–∞ –ï–≤—Ä–æ–ø–µ–π—Å–∫–∏–π L —Å—Ç–æ–∏—Ç –≤–∑—è—Ç—å XL.,True to Size,BLACK
463605501,5,1584041797.0,l love this,True to Size,multicolor
470297205,5,1669738253.0,Received it on time. It fits just right so my bf was very happy with it.,True to Size,RED
470381604,5,1673861722.0,Good quality. Was a great addition on a cooler night for Halloween. Warm.,True to Size,multicolor
470297205,5,1664037522.0,"Cute, really good quality. Fit perfectly",True to Size,RED
470382405,5,1668955811.0,CuteGood quality,True to Size,multicolor
470601201,5,1598986729.0,not bad! silky material that could be scratchy if you don't wear s top underneath. but its warm and good for fall :),True to Size,WHITE
470896201,5,1600775840.0,I love the material in this sweatshirt as well,True to Size,BLACK
470382405,5,1668955803.0,NiceGood quality,True to Size,multicolor
470997501,5,1637000313.0,Good qualityReceived it on time even better than i expected,True to Size,BLACK
470997501,5,1603527220.0,"I absolutely love this! It looks just like pictured. I bought this as a gift for my man, but wanna keep it for myself! He wears a XL-2XL normally, but got 3XL (due to measurements.) The material isn't like regular cotton sweater material, it's a smooth polyester sublimated (absorbed in fabric) print. I love the smooth, sporty-like feel to it. I haven't tried it on, nor has the intended recipient. Totes worth the $$$. May need to find my man another sweater now.ü§£",True to Size,BLACK
470941403,5,1627978244.0,Received it on time my boyfriend loved it he said it was perfect fit and fabric felt soft.,True to Size,multicolor
471248401,5,1637000667.0,Received it on time Good quality Cute Nice looks better than i imagined,True to Size,multicolor
470876111,5,1677589369.0,Nice.  I'm just trying to figure out how to tie the ties on the arms.,True to Size,CARBON GRAY
471248401,5,1621792248.0,Good quality,True to Size,multicolor
471055005,5,1626520104.0,great fit and material was thicker and warmer than expected so very pleased,True to Size,LAVA RED
471055805,5,1617585038.0,Good quality fits perfect looks and feels good,True to Size,DARK KHAKI
471686606,5,1627274521.0,Awesome product! Showed up in good time! Super cute! Fun to wear!,True to Size,multicolor
471602401,5,1617597401.0,"I was very satisfied, size is perfect and colors are bright and everything looks good.",Large,NEBULA
473534303,5,1639801514.0,Received it on timeCuteNice,True to Size,BLACK
473343701,5,1668898494.0,Good quality,True to Size,GRAPHITE BLACK
473554205,5,1675504893.0,#True to size and fits well##Looks exaclty like the pictures#,True to Size,PURPLE
473550905,5,1675988917.0,#True to size and fits well##The fabric feels great##Looks exaclty like the pictures##Received the item on time# Got this for my husband and he absolutely loves it. Soft material washes up great,True to Size,WHITE
473343701,5,1632783810.0,Amazing beautiful sweatshirt for Xmas presentFits perfectly,True to Size,GRAPHITE BLACK
473550905,4,1628438102.0,Comfy and husband likes it!,True to Size,WHITE
474369406,5,1612442611.0,can't wait to get this sweatshirt help the colors are as bright as they look,True to Size,multicolor
474383302,5,1647728529.0,"#True to size and fits well##Looks exaclty like the pictures##Good quality, great buy!#",True to Size,BLACK
474383302,5,1609088587.0,my boyfriend seriously loved his hoodie. I'm buying another for my brother in law. n,True to Size,BLACK
474682002,5,1642055395.0,NiceGood quality,True to Size,BLACK
474682002,5,1614083327.0,Mein Mann liebt diesen pullover das Material ist sehr angenehmn,True to Size,BLACK
471141602,5,1662507686.0,"Beautiful. #Received the item on time##True to size and fits well##Looks exaclty like the pictures##It's cheap. Well worth shopping##Good quality, great buy!##The fabric feels great#",True to Size,multicolor
474815105,5,1669620359.0,CuteNiceGood quality,True to Size,BLACK
474806001,5,1622577032.0,NiceSatisfactory Customer ServiceGood quality,True to Size,LIGHT GRAY
474845806,5,1677049804.0,Nice. Bought them for my husband & son. They are true to size.,True to Size,multicolor
474845806,5,1677047136.0,Cute bought this for my son - he liked it and wears it to school.,True to Size,multicolor
474844206,5,1682386166.0,lightweight hoodie,True to Size,multicolor
457220006,5,1666082242.0,to wapo,Large,CARBON GRAY
199040603,5,1671022484.0,"Looks exactly like the picture, it is very cozy, thick and perfect for a cold winter. I recommand it!",True to Size,GRAY
505674905,5,1679741715.0,Comfortable and true to size. Quality print design.,True to Size,multicolor
455311503,5,1601979836.0,Produit tr√®s bien fini et de tr√®s bonne qualit√© !!!! Tr√®s bien taill√© et surtout tr√®s esth√©tique j'adore !!!,True to Size,multicolor
283536708,5,1673717209.0,NiceCuteReceived it on timeSatisfactory Customer ServiceGood quality,True to Size,RED WINE
507416103,5,1677890595.0,CuteReceived it on timeNot what I expectedSatisfactory Customer ServiceGood qualityNice,True to Size,multicolor
353727604,5,1626677017.0,Received it on timeGood quality,True to Size,LIGHT GRAY
457220006,5,1629059327.0,Cute,True to Size,BLACK
199040603,5,1565864632.0,good pruduct,True to Size,GRAY
283536708,5,1623527341.0,Received it on timeSatisfactory Customer ServiceGood qualityNice,True to Size,RED WINE
283536708,5,1619281125.0,This looks as described and good in cold water wash.,True to Size,RED WINE
283536708,5,1618668482.0,Nice,True to Size,WHITE
283536708,5,1673717209.0,NiceCuteReceived it on timeSatisfactory Customer ServiceGood quality,True to Size,RED WINE
457220006,5,1620481464.0,"Received it on time. Great quality, with the cloak biut at the bottom it sits just right. so comy tooo",True to Size,ARMY GREEN
457220006,5,1618773765.0,So great and comfy I bought several,True to Size,BLACK
457220006,5,1666082242.0,to wapo,Large,CARBON GRAY
283536708,5,1623527341.0,Received it on timeSatisfactory Customer ServiceGood qualityNice,True to Size,RED WINE
283536708,5,1619281125.0,This looks as described and good in cold water wash.,True to Size,RED WINE
283536708,5,1618668482.0,Nice,True to Size,WHITE
283536708,5,1616980271.0,Nice,True to Size,BLUE
457220006,5,1629059327.0,Cute,True to Size,BLACK
457220006,5,1620481464.0,"Received it on time. Great quality, with the cloak biut at the bottom it sits just right. so comy tooo",True to Size,ARMY GREEN
457220006,5,1618773765.0,So great and comfy I bought several,True to Size,BLACK
283536708,5,1604433897.0,Great looking hoodie. had some freys but was given a credit. great CS.,True to Size,RED WINE
283536708,5,1604433807.0,Great looking hoodie. had some freys but was given a credit. very good CS.,True to Size,BLUE
283536708,5,1587789002.0,Excellent quality and fits very well. Very Happy.,True to Size,WHITE
283536708,5,1578194411.0,Awesome hoodie. Thank you very much.,True to Size,ASH GRAY
398080003,5,1602334788.0,"When I first saw this on the website, I liked its design. When it arrived, I was surprised by its material, it is thicker than I expected, so it is perfect for this season. It arrived very fast, via experss shipping. I love how it looks in real life, it is just wonderful. The design is exactly as in the pictures from the website. I am very satisfied with this purchase.",True to Size,multicolor
457220006,5,1618773741.0,So lovely... love it so much!,True to Size,BLACK
283536708,5,1571011750.0,Looks great,True to Size,WHITE
283536708,5,1550467440.0,I haven‚Äôt had a chance to wear this but once but everyone loves it. I really love the color.,True to Size,RED WINE
283536708,5,1540757362.0,I love this jacket it's very trim fits like a glove,True to Size,WHITE
457220006,5,1618534890.0,Satisfactory Customer Service,True to Size,ARMY GREEN
457220006,5,1616594550.0,"I thought that this could have been a mistake, however it was a pleasant surprise.. So pleasant I have now bought 4 :D",True to Size,MIDNIGHT BLUE
505824404,5,1673717098.0,"Received it on time Satisfactory Customer Service Good quality Cute Nice, exactly what I ordered. received on time and fits nicely.",True to Size,multicolor
505824102,5,1671427712.0,Hubby's feedback. He said it fit well was tighter than his normal 2xl. But he was able to slip it on over his hat and shirt. Comfort wise he said it was extremely comfortable and he could see wearing it as a shirt all day.¬†¬† Overall he was really happy with it and got a laugh out of the printed saying on it.,Small,multicolor
281987902,5,1602564696.0,Super fun print and very comfortable. I wasn't expecting the print to be on the front and the back and the material isn't what I was expecting for a hoodie. I am pleased non the less!,True to Size,BLACK
505824102,5,1670187294.0,Received it on timeSatisfactory Customer ServiceGood quality,True to Size,multicolor
505824102,5,1669847290.0,Nice,True to Size,multicolor
505824102,5,1669280935.0,NiceReceived it on timeSatisfactory Customer ServiceGood quality,Large,multicolor
251160304,5,1586941942.0,Absolutely loved it,True to Size,COLORMIX
354585703,5,1677589250.0,Nice.  Very nice.,True to Size,LIGHT GRAY
461679704,5,1670961260.0,"Veste tr√®s confort, qui donne un style presque chevalier. Nous adorons !",True to Size,BLACK
362578901,5,1677589136.0,Received it on time. Nice. I love this piece,True to Size,ARMY GREEN
362559004,5,1674135583.0,Received it on time Good quality Cute Nice,True to Size,DARK GRAY
251160304,5,1580417670.0,"Really love that shirt,",True to Size,COLORMIX
354585703,5,1580159176.0,Good fit and comfortablen,True to Size,LIGHT GRAY
461679704,5,1660240326.0,Nice,True to Size,DARK GRAY
461679704,5,1624384953.0,"Very nice..., it looks like a warrior clothe.",True to Size,BLACK
461679704,5,1618534897.0,Satisfactory Customer Service,True to Size,BLACK
461679704,5,1670961260.0,"Veste tr√®s confort, qui donne un style presque chevalier. Nous adorons !",True to Size,BLACK
362559004,5,1572007561.0,really like the asymmetrical design,True to Size,DARK GRAY
251160304,5,1536112200.0,I was very surprised with the quality of this shirt with hoodie will be warm in the winter and it feels good to use it for dress or casual  you will not be let down  with dresslily your purchases are worth every dollar :D,True to Size,COLORMIX
461679704,5,1660240326.0,Nice,True to Size,DARK GRAY
461679704,5,1624384953.0,"Very nice..., it looks like a warrior clothe.",True to Size,BLACK
461679704,5,1618534897.0,Satisfactory Customer Service,True to Size,BLACK
461679704,5,1617985830.0,"Great timing, excellent material, warm, comfortable and was an awesome gift!",True to Size,BLACK
470372501,5,1639318089.0,"Good basic one, the hoodie is removable. love it",True to Size,BLACK
461679704,5,1617126115.0,"Received it on time,  husband pleased with it's quality and size.",True to Size,BLACK
461679704,5,1614083460.0,nichts zu bem√§ngeln alles top,True to Size,BLACK
461679704,5,1595638256.0,Brilliant thank you ! It fits really well.n,True to Size,DARK GRAY
470372501,5,1603838198.0,Nice. very unique piece,True to Size,BLACK
461679704,5,1594566212.0,"It's warm, looks good, a bit too thick for a sunny summer day, but perfect for northern European weather all year around. The only thing that could drag the score down is that the knots might untie and the ends of the laces start to unfold, but easily fixed by just making another knot.",True to Size,BLACK
505873312,5,1673596025.0,"I absolutely love love love this sweater! even my husband loves it and wanted me to order a second one for him! maybe he is just super obsessed with our cat, Samantha, but either way this item was a total game changer",True to Size,BLACK
461679704,5,1590268179.0,fits nice,True to Size,DARK GRAY
461679704,5,1580913308.0,With a height of 185 and an average build... Perfect!,True to Size,BLACK
461679704,5,1579938257.0,Love this hoodie in this color!,True to Size,BLACK
461679704,5,1579938226.0,Very warm,True to Size,LIGHT BROWN
505675004,5,1673139837.0,CuteNice,True to Size,multicolor
505560103,5,1673717120.0,NiceCuteReceived it on timeSatisfactory Customer ServiceGood quality,True to Size,multicolor
505006805,5,1682283226.0,Good qualityNiceit was a gift for my partner and he loved it and it fit just right,True to Size,LIGHT GRAY
505007404,5,1678601223.0,NiceCuteGood quality,True to Size,BLACK
505873312,5,1670650875.0,"Good quality, my boyfriend loves it",True to Size,BLACK
505873312,5,1668938140.0,"Good quality, my Boyfriend loved it !",True to Size,DARK GRAY
461679704,5,1579811602.0,"Size fits good, quality was fine, glad to wear!",True to Size,DARK GRAY
461679704,5,1579285633.0,"It fits perfectly, feels great and, it's warm. I keep getting asked where I got it and I keep sending them here.",True to Size,BLACK
461679704,5,1578831337.0,Very nice and it looks and fits exactly as it should,True to Size,ARMY GREEN
505675004,5,1673136526.0,#very warm according to my son# #thinner fabric than I expected# #looks great# # he's happy#,True to Size,multicolor
505675004,5,1672719012.0,My son likes it. Light and great for around the house or summer time.,Large,multicolor
505675004,5,1669524929.0,NiceCuteReceived it on timeGood qualitySatisfactory Customer ServiceNot what I expected,True to Size,multicolor
505675004,5,1673139837.0,CuteNice,True to Size,multicolor
505006805,5,1677589105.0,Received it on time. But it was bigger than I expected,Large,LIGHT GRAY
505007404,5,1675988774.0,#The fabric feels great##Received the item on time##Looks exaclty like the pictures##True to size and fits well#,True to Size,BLACK
505007404,5,1670915967.0,"Cute, my daughter loved it",True to Size,BLACK
505007404,5,1669421541.0,NiceCuteReceived it on timeGood quality,True to Size,BLACK
505007404,5,1678601223.0,NiceCuteGood quality,True to Size,BLACK
461679704,5,1578691733.0,It‚Äôs really nice and formed fitting,True to Size,DARK GRAY
505675004,5,1673136526.0,#very warm according to my son# #thinner fabric than I expected# #looks great# # he's happy#,True to Size,multicolor
505675004,5,1672719012.0,My son likes it. Light and great for around the house or summer time.,Large,multicolor
505675004,5,1669524929.0,NiceCuteReceived it on timeGood qualitySatisfactory Customer ServiceNot what I expected,True to Size,multicolor
505007404,5,1675988774.0,#The fabric feels great##Received the item on time##Looks exaclty like the pictures##True to size and fits well#,True to Size,BLACK
505007404,5,1670915967.0,"Cute, my daughter loved it",True to Size,BLACK
505007404,5,1669421541.0,NiceCuteReceived it on timeGood quality,True to Size,BLACK
461679704,5,1578518405.0,"The Hoodie is awesome! It was also true to size, color and material . My boyfriend loves it and put it on right away! Thank you!",True to Size,RED WINE
461679704,5,1578463076.0,Super soft inside and fits well with adjustable sizing on the sides. Excellent to see how it holds up,True to Size,BLACK
461679704,5,1578413266.0,Very happy with the product,True to Size,DARK GRAY
461679704,5,1577802909.0,Awesome.,True to Size,BLACK
461679704,5,1577400852.0,amezing,True to Size,BLACK
461679704,5,1577068580.0,my son will love  very mid evil urban,True to Size,BLACK
